TIMESTAMP,porcent_GH_CALC_GLOBAL
2024-03-01 00:00:00,-53.08334117139666
2024-03-01 00:01:00,-58.028411634634836
2024-03-01 00:04:00,-62.86144806313041
2024-03-01 00:05:00,-62.00805246154588
2024-03-01 00:06:00,-61.09660894395628
2024-03-01 00:07:00,-61.31911573731347
2024-03-01 00:08:00,-61.02427217409008
2024-03-01 00:09:00,-60.31891743996645
2024-03-01 00:10:00,-58.553420742456005
2024-03-01 00:11:00,-58.169104129583005
2024-03-01 00:12:00,-58.7170699213546
2024-03-01 00:13:00,-58.17728315092761
2024-03-01 00:14:00,-56.12620489405569
2024-03-01 00:15:00,-54.72566626573823
2024-03-01 00:16:00,-53.9257598117736
2024-03-01 00:17:00,-54.474050609980175
2024-03-01 00:18:00,-53.88896505847286
2024-03-01 00:19:00,-53.649777345079116
2024-03-01 00:20:00,-55.34267315440587
2024-03-01 00:21:00,-55.224417239307144
2024-03-01 00:22:00,-56.39428111767116
2024-03-01 00:23:00,-56.662534030342925
2024-03-01 00:24:00,-57.05432970101215
2024-03-01 00:25:00,-57.95170669172675
2024-03-01 00:26:00,-55.8800988741729
2024-03-01 00:27:00,-55.69757436472753
2024-03-01 00:28:00,-55.772698381522126
2024-03-01 00:29:00,-56.11388044136998
2024-03-01 00:30:00,-55.13630550321368
2024-03-01 00:31:00,-55.13933439710712
2024-03-01 00:32:00,-55.077680581340985
2024-03-01 00:33:00,-56.619766062044405
2024-03-01 00:34:00,-59.62269529205072
2024-03-01 00:35:00,-58.57213543507458
2024-03-01 00:36:00,-57.82965522430388
2024-03-01 00:37:00,-56.49384943122816
2024-03-01 00:38:00,-55.28939758671329
2024-03-01 00:39:00,-53.4183689094417
2024-03-01 00:40:00,-51.701649198472936
2024-03-01 00:41:00,-51.145749124742956
2024-03-01 00:42:00,-52.212796073493315
2024-03-01 00:43:00,-50.6150216878472
2024-03-01 00:44:00,-49.45678709109262
2024-03-01 00:45:00,-49.61558862619123
2024-03-01 00:46:00,-51.10440960852717
2024-03-01 00:47:00,-50.67338012106847
2024-03-01 00:48:00,-49.78304381057747
2024-03-01 00:49:00,-52.07607774849398
2024-03-01 00:50:00,-52.05719764192318
2024-03-01 00:51:00,-51.84143678547313
2024-03-01 00:52:00,-51.461772410034634
2024-03-01 00:53:00,-49.87817581525098
2024-03-01 00:54:00,-50.160748879785864
2024-03-01 00:55:00,-51.18254591490925
2024-03-01 00:56:00,-51.775793058127725
2024-03-01 00:57:00,-51.4612215998584
2024-03-01 00:58:00,-52.01091502048823
2024-03-01 00:59:00,-50.537026228541514
2024-03-01 01:00:00,-49.27990129783852
2024-03-01 01:01:00,-51.35238240567658
2024-03-01 01:02:00,-48.591123438054204
2024-03-01 01:03:00,-46.37119831439943
2024-03-01 01:04:00,-51.257815987751876
2024-03-01 01:05:00,-53.072539239935814
2024-03-01 01:06:00,-52.26467487583007
2024-03-01 01:07:00,-52.629038076097956
2024-03-01 01:08:00,-53.26398152064288
2024-03-01 01:09:00,-52.78267996175386
2024-03-01 01:10:00,-54.11649800146095
2024-03-01 01:11:00,-54.76007766650919
2024-03-01 01:12:00,-54.36406231503837
2024-03-01 01:13:00,-54.389246635435114
2024-03-01 01:14:00,-54.865340633446536
2024-03-01 01:15:00,-54.73359875752584
2024-03-01 01:16:00,-55.59891840660106
2024-03-01 01:17:00,-54.01973816034927
2024-03-01 01:18:00,-53.14976267834843
2024-03-01 01:19:00,-50.95702199071045
2024-03-01 01:20:00,-52.0451916673482
2024-03-01 01:21:00,-50.235259606922845
2024-03-01 01:22:00,-47.6230240359856
2024-03-01 01:23:00,-51.07538203238382
2024-03-01 01:24:00,-51.15378843011715
2024-03-01 01:25:00,-48.960357697097976
2024-03-01 01:26:00,-47.60569046634557
2024-03-01 01:27:00,-41.66097732821384
2024-03-01 01:28:00,-46.63990690741733
2024-03-01 01:29:00,-45.305868769243574
2024-03-01 01:30:00,-44.94828937846747
2024-03-01 01:31:00,-47.78954058735342
2024-03-01 01:32:00,-49.05607875685452
2024-03-01 01:33:00,-52.49669355825938
2024-03-01 01:34:00,-52.63159166181504
2024-03-01 01:35:00,-54.072481199353675
2024-03-01 01:36:00,-56.281184882736156
2024-03-01 01:37:00,-57.606284423462526
2024-03-01 01:38:00,-56.657360609292795
2024-03-01 01:39:00,-56.839864886328726
2024-03-01 01:40:00,-56.83337336164998
2024-03-01 01:41:00,-54.59404835441117
2024-03-01 01:42:00,-54.65216617498746
2024-03-01 01:43:00,-53.30864685340823
2024-03-01 01:44:00,-49.99934693962848
2024-03-01 01:45:00,-50.363562060005094
2024-03-01 01:46:00,-53.15191375324755
2024-03-01 01:47:00,-54.50729960019538
2024-03-01 01:48:00,-55.24490561189036
2024-03-01 01:49:00,-55.0386258800035
2024-03-01 01:50:00,-54.6345782528456
2024-03-01 01:51:00,-54.72566626573823
2024-03-01 01:52:00,-55.77534280150148
2024-03-01 01:53:00,-56.121197219423415
2024-03-01 01:54:00,-56.19974619830658
2024-03-01 01:55:00,-56.47348426319127
2024-03-01 01:56:00,-56.336763220522826
2024-03-01 01:57:00,-56.30682453701484
2024-03-01 01:58:00,-55.88561777343439
2024-03-01 01:59:00,-54.75524005153386
2024-03-01 02:00:00,-56.297621495987094
2024-03-01 02:01:00,-56.26656122136522
2024-03-01 02:02:00,-59.32964779186863
2024-03-01 02:03:00,-60.15301804072239
2024-03-01 02:04:00,-57.97552969262907
2024-03-01 02:05:00,-55.59324583859312
2024-03-01 02:06:00,-57.82422818353894
2024-03-01 02:07:00,-57.00149890196715
2024-03-01 02:08:00,-58.79335222759596
2024-03-01 02:09:00,-58.514013685831145
2024-03-01 02:10:00,-57.7292209757574
2024-03-01 02:11:00,-57.85122531566424
2024-03-01 02:12:00,-58.69685953751389
2024-03-01 02:13:00,-59.765359299964715
2024-03-01 02:14:00,-60.46205680279068
2024-03-01 02:15:00,-61.288644216998854
2024-03-01 02:16:00,-62.49067619706897
2024-03-01 02:17:00,-62.83907677380629
2024-03-01 02:18:00,-63.83470548329551
2024-03-01 02:19:00,-65.04173670265804
2024-03-01 02:20:00,-64.30009335978527
2024-03-01 02:21:00,-61.54446015328521
2024-03-01 02:22:00,-54.42909812233043
2024-03-01 02:23:00,-50.8835963477826
2024-03-01 02:24:00,-50.74662873910495
2024-03-01 02:25:00,-51.50057554036845
2024-03-01 02:26:00,-52.66256854964555
2024-03-01 02:27:00,-55.6887082017118
2024-03-01 02:28:00,-56.76586794008129
2024-03-01 02:29:00,-56.280870377786684
2024-03-01 02:30:00,-58.440802086584334
2024-03-01 02:31:00,-55.03004516308285
2024-03-01 02:32:00,-56.21656218626846
2024-03-01 02:33:00,-60.30258909919605
2024-03-01 02:34:00,-61.408304081271595
2024-03-01 02:35:00,-59.358818014931494
2024-03-01 02:36:00,-60.78098336390427
2024-03-01 02:37:00,-59.06186674645378
2024-03-01 02:38:00,-59.188476541219025
2024-03-01 02:39:00,-60.18179805750022
2024-03-01 02:40:00,-59.22556493484361
2024-03-01 02:41:00,-58.07605035336966
2024-03-01 02:42:00,-55.99446886673684
2024-03-01 02:43:00,-52.625908166879476
2024-03-01 02:44:00,-50.33543462764849
2024-03-01 02:45:00,-49.62379585623482
2024-03-01 02:46:00,-49.13707145583936
2024-03-01 02:47:00,-47.15515220521751
2024-03-01 02:48:00,-47.657233909739034
2024-03-01 02:49:00,-50.29144285057199
2024-03-01 02:50:00,-52.219199253022516
2024-03-01 02:51:00,-53.00058361629881
2024-03-01 02:52:00,-54.65449838526209
2024-03-01 02:53:00,-55.238095238095234
2024-03-01 02:54:00,-55.65724921405371
2024-03-01 02:55:00,-55.79529693607363
2024-03-01 02:56:00,-55.46225344771762
2024-03-01 02:57:00,-55.76014150259518
2024-03-01 02:58:00,-57.081458900726176
2024-03-01 02:59:00,-55.67352195436068
2024-03-01 03:00:00,-54.371380684809345
2024-03-01 03:01:00,-54.48546610966446
2024-03-01 03:02:00,-50.911098555503095
2024-03-01 03:03:00,-51.88158718237575
2024-03-01 03:04:00,-53.470181652285255
2024-03-01 03:05:00,-56.49353968064679
2024-03-01 03:06:00,-57.826995199061805
2024-03-01 03:07:00,-57.34070048546551
2024-03-01 03:08:00,-58.23798711442284
2024-03-01 03:09:00,-59.4461147974549
2024-03-01 03:10:00,-57.913612388676725
2024-03-01 03:11:00,-58.45986576304894
2024-03-01 03:12:00,-59.461393596986824
2024-03-01 03:13:00,-59.973352423120716
2024-03-01 03:14:00,-60.1533112960219
2024-03-01 03:15:00,-61.03244626922171
2024-03-01 03:16:00,-62.15015416015285
2024-03-01 03:17:00,-62.10304660248944
2024-03-01 03:18:00,-62.452706698281645
2024-03-01 03:19:00,-62.31620487584543
2024-03-01 03:20:00,-61.3514571659285
2024-03-01 03:21:00,-59.140197617392346
2024-03-01 03:22:00,-56.68097844354669
2024-03-01 03:23:00,-55.28789160396077
2024-03-01 03:24:00,-56.34794771827253
2024-03-01 03:25:00,-55.662147694602496
2024-03-01 03:26:00,-55.326877219167784
2024-03-01 03:27:00,-54.92663072176188
2024-03-01 03:28:00,-55.251763241796034
2024-03-01 03:29:00,-56.67762114791432
2024-03-01 03:30:00,-57.71086267668316
2024-03-01 03:31:00,-57.08221462110903
2024-03-01 03:32:00,-54.48108448732395
2024-03-01 03:33:00,-53.03559320959882
2024-03-01 03:34:00,-53.327241216322676
2024-03-01 03:35:00,-55.33615910080042
2024-03-01 03:36:00,-55.91122829038454
2024-03-01 03:37:00,-59.622425194456405
2024-03-01 03:38:00,-63.30296230381347
2024-03-01 03:39:00,-63.51984183777055
2024-03-01 03:40:00,-64.8090886264906
2024-03-01 03:41:00,-65.74144649052576
2024-03-01 03:42:00,-65.75796093370737
2024-03-01 03:43:00,-64.88265115990187
2024-03-01 03:44:00,-61.94384578067964
2024-03-01 03:45:00,-60.843629520654176
2024-03-01 03:46:00,-59.96752631175548
2024-03-01 03:47:00,-56.912533973527744
2024-03-01 03:48:00,-56.190180804574396
2024-03-01 03:49:00,-55.10282796793484
2024-03-01 03:50:00,-53.10949230181956
2024-03-01 03:51:00,-45.46574677055648
2024-03-01 03:52:00,-44.78527375088499
2024-03-01 03:53:00,-45.11122099491707
2024-03-01 03:54:00,-46.89249906321463
2024-03-01 03:55:00,-46.819066480008196
2024-03-01 03:56:00,-47.49233031021126
2024-03-01 03:57:00,-49.397294882045834
2024-03-01 03:58:00,-51.384640372485855
2024-03-01 03:59:00,-49.77310821307387
2024-03-01 04:00:00,-51.66396215517478
2024-03-01 04:01:00,-53.50709336852524
2024-03-01 04:02:00,-56.18199139086868
2024-03-01 04:03:00,-57.00250031478784
2024-03-01 04:04:00,-59.37367346712783
2024-03-01 04:05:00,-58.31567554383451
2024-03-01 04:06:00,-54.94787981698976
2024-03-01 04:07:00,-51.29010509617291
2024-03-01 04:08:00,-49.65786098598599
2024-03-01 04:09:00,-46.916848274629274
2024-03-01 04:10:00,-46.608931782319914
2024-03-01 04:11:00,-50.28814645960963
2024-03-01 04:12:00,-50.47315964329429
2024-03-01 04:13:00,-49.27117987360882
2024-03-01 04:14:00,-53.20891762800278
2024-03-01 04:15:00,-54.26680910977175
2024-03-01 04:16:00,-55.47837940174176
2024-03-01 04:17:00,-57.48401193121141
2024-03-01 04:18:00,-58.53806973521591
2024-03-01 04:19:00,-58.3459966047597
2024-03-01 04:20:00,-56.19285174247663
2024-03-01 04:21:00,-54.3153629522676
2024-03-01 04:22:00,-54.31549494185802
2024-03-01 04:23:00,-57.325163885125484
2024-03-01 04:24:00,-60.55388484247977
2024-03-01 04:25:00,-62.64044621769737
2024-03-01 04:26:00,-62.109688681990114
2024-03-01 04:27:00,-59.78353770996212
2024-03-01 04:28:00,-55.67832465832648
2024-03-01 04:29:00,-50.71489267373555
2024-03-01 04:30:00,-52.16943004704344
2024-03-01 04:31:00,-51.278023097826086
2024-03-01 04:32:00,-51.580633435487634
2024-03-01 04:33:00,-51.52796441314119
2024-03-01 04:34:00,-48.18452863751545
2024-03-01 04:35:00,-48.00480031858616
2024-03-01 04:36:00,-48.88259173344581
2024-03-01 04:37:00,-49.94717849484859
2024-03-01 04:38:00,-50.71983748454336
2024-03-01 04:39:00,-51.54351242434144
2024-03-01 04:40:00,-51.51716211274228
2024-03-01 04:41:00,-51.05779802104602
2024-03-01 04:42:00,-51.759809780995134
2024-03-01 04:43:00,-53.13700449140944
2024-03-01 04:44:00,-54.89136320477917
2024-03-01 04:45:00,-57.76749111864105
2024-03-01 04:46:00,-59.18791420012221
2024-03-01 04:47:00,-60.04869290148018
2024-03-01 04:48:00,-62.45764591989028
2024-03-01 04:49:00,-63.9760428921037
2024-03-01 04:50:00,-66.03978535140263
2024-03-01 04:51:00,-67.87115070765444
2024-03-01 04:52:00,-69.57019928553775
2024-03-01 04:53:00,-69.39756250129702
2024-03-01 04:54:00,-66.68515715346791
2024-03-01 04:55:00,-63.12908157976573
2024-03-01 04:56:00,-55.4373579770436
2024-03-01 04:57:00,-56.03252961004992
2024-03-01 04:58:00,-57.500275127862054
2024-03-01 04:59:00,-61.125801836074075
2024-03-01 05:00:00,-61.341442811285695
2024-03-01 05:01:00,-59.590000229563145
2024-03-01 05:02:00,-58.01839416058394
2024-03-01 05:03:00,-57.15293025580607
2024-03-01 05:04:00,-58.71543039050772
2024-03-01 05:05:00,-55.58712521513331
2024-03-01 05:06:00,-55.62109717859075
2024-03-01 05:07:00,-56.24583384949358
2024-03-01 05:08:00,-56.812581208835525
2024-03-01 05:09:00,-56.87597049689441
2024-03-01 05:10:00,-57.60747467970714
2024-03-01 05:11:00,-56.68813304989371
2024-03-01 05:12:00,-56.87991099587627
2024-03-01 05:13:00,-54.15787238319408
2024-03-01 05:14:00,-54.975757798828205
2024-03-01 05:15:00,-55.40693642412299
2024-03-01 05:16:00,-54.75289964699949
2024-03-01 05:17:00,-55.29408853586717
2024-03-01 05:18:00,-54.98981743471444
2024-03-01 05:19:00,-54.78553491803338
2024-03-01 05:20:00,-52.047609000894845
2024-03-01 05:21:00,-52.79825909767016
2024-03-01 05:22:00,-51.799959777435134
2024-03-01 05:23:00,-51.46091587170037
2024-03-01 05:24:00,-50.73664982537277
2024-03-01 05:25:00,-51.41963013770907
2024-03-01 05:26:00,-52.36510440953835
2024-03-01 05:27:00,-55.474477961907596
2024-03-01 05:28:00,-58.33803774650056
2024-03-01 05:29:00,-57.732660315279006
2024-03-01 05:30:00,-58.52186670107924
2024-03-01 05:31:00,-59.6004111882089
2024-03-01 05:32:00,-60.24779949803811
2024-03-01 05:33:00,-58.18545372599379
2024-03-01 05:34:00,-54.63009463565096
2024-03-01 05:35:00,-55.77329381903776
2024-03-01 05:36:00,-53.20687878852031
2024-03-01 05:37:00,-52.98795648110596
2024-03-01 05:38:00,-52.71085398594894
2024-03-01 05:39:00,-53.00981003845761
2024-03-01 05:40:00,-52.48355820255165
2024-03-01 05:41:00,-49.82048671178868
2024-03-01 05:42:00,-48.30352459968531
2024-03-01 05:43:00,-45.54681650560846
2024-03-01 05:44:00,-46.968930200533606
2024-03-01 05:45:00,-48.67876037238042
2024-03-01 05:46:00,-49.53554975325012
2024-03-01 05:47:00,-52.51224795981777
2024-03-01 05:48:00,-54.663820187397064
2024-03-01 05:49:00,-54.01990690408588
2024-03-01 05:50:00,-53.33839977763939
2024-03-01 05:51:00,-53.32771158304019
2024-03-01 05:52:00,-53.108380707867234
2024-03-01 05:53:00,-51.99981789592753
2024-03-01 05:54:00,-51.60621438808079
2024-03-01 05:55:00,-50.08689892067785
2024-03-01 05:56:00,-49.5455449248304
2024-03-01 05:57:00,-49.52816268714465
2024-03-01 05:58:00,-50.28948940551396
2024-03-01 05:59:00,-51.64619404327452
2024-03-01 06:00:00,-54.25804419403535
2024-03-01 06:01:00,-56.241210127098284
2024-03-01 06:02:00,-58.821381267190475
2024-03-01 06:03:00,-59.4941836068631
2024-03-01 06:04:00,-59.04970175443719
2024-03-01 06:05:00,-59.06996609495169
2024-03-01 06:06:00,-60.0432795076223
2024-03-01 06:07:00,-60.18465959484869
2024-03-01 06:08:00,-60.01117828767863
2024-03-01 06:09:00,-61.03140787911693
2024-03-01 06:10:00,-63.359767824271366
2024-03-01 06:11:00,-65.22736858185635
2024-03-01 06:12:00,-68.01035110002428
2024-03-01 06:13:00,-71.51449213262937
2024-03-01 06:14:00,-74.97071640160591
2024-03-01 06:15:00,-77.09117203530197
2024-03-01 06:16:00,-81.74365494389704
2024-03-01 06:17:00,-91.4637327265664
2024-03-01 06:18:00,-106.43636767138764
2024-03-01 06:19:00,-123.25729958485228
2024-03-01 06:20:00,-149.47820102542929
2024-03-01 06:21:00,-190.79171062152903
2024-03-01 06:22:00,-314.38861774323
2024-03-01 06:23:00,-1166.3228066760742
2024-03-01 06:24:00,676.5675375841394
2024-03-01 06:25:00,262.7967721196827
2024-03-01 06:26:00,161.37658276833534
2024-03-01 06:27:00,113.4048227764924
2024-03-01 06:28:00,85.54756080617389
2024-03-01 06:29:00,67.98720148888897
2024-03-01 06:30:00,54.083691168722694
2024-03-01 06:31:00,43.58524865448643
2024-03-01 06:32:00,36.88364819494986
2024-03-01 06:33:00,31.5236774321379
2024-03-01 06:34:00,27.969385378190413
2024-03-01 06:35:00,26.202702143602508
2024-03-01 06:36:00,23.30807994378889
2024-03-01 06:37:00,20.978395116974234
2024-03-01 06:38:00,19.45341495155926
2024-03-01 06:39:00,18.092786831181296
2024-03-01 06:40:00,15.49305498892188
2024-03-01 06:41:00,11.371052245815395
2024-03-01 06:42:00,9.46949079374613
2024-03-01 06:43:00,9.485658880711462
2024-03-01 06:44:00,10.314934042545113
2024-03-01 06:45:00,10.330532485885541
2024-03-01 06:46:00,9.39451655756335
2024-03-01 06:47:00,8.807871612357077
2024-03-01 06:48:00,8.427294445936246
2024-03-01 06:49:00,7.845325984033743
2024-03-01 06:50:00,7.08994607457446
2024-03-01 06:51:00,6.670372680351797
2024-03-01 06:52:00,6.28505531332892
2024-03-01 06:53:00,5.6426972890610205
2024-03-01 06:54:00,5.155022535821861
2024-03-01 06:55:00,4.704360915007733
2024-03-01 06:56:00,4.335492491065992
2024-03-01 06:57:00,4.16854892525015
2024-03-01 06:58:00,3.986496096293897
2024-03-01 06:59:00,4.019036869719968
2024-03-01 07:00:00,3.8442940364346407
2024-03-01 07:01:00,3.624009351286625
2024-03-01 07:02:00,3.343492710093701
2024-03-01 07:03:00,3.2325735730268437
2024-03-01 07:04:00,3.0489390325242804
2024-03-01 07:05:00,2.730157902908656
2024-03-01 07:06:00,2.4438856349733946
2024-03-01 07:07:00,2.213892277999722
2024-03-01 07:08:00,1.9031328949049835
2024-03-01 07:09:00,1.641418947208155
2024-03-01 07:10:00,1.3555031778203677
2024-03-01 07:11:00,1.0808183465158403
2024-03-01 07:12:00,0.9176412718066962
2024-03-01 07:13:00,0.762227746406995
2024-03-01 07:14:00,0.5801259064467357
2024-03-01 07:15:00,0.48172242874843996
2024-03-01 07:16:00,0.37875087360694015
2024-03-01 07:17:00,0.3495327376164563
2024-03-01 07:18:00,0.2510954304899623
2024-03-01 07:19:00,0.11254533075822633
2024-03-01 07:20:00,0.018258170531323066
2024-03-01 07:21:00,0.14193953506626872
2024-03-01 07:22:00,0.2664157229785041
2024-03-01 07:23:00,0.3840864318370511
2024-03-01 07:24:00,0.46831889249237674
2024-03-01 07:25:00,0.5076292470264887
2024-03-01 07:26:00,0.6536173148227993
2024-03-01 07:27:00,0.7859966120835664
2024-03-01 07:28:00,0.8318877367222209
2024-03-01 07:29:00,0.9268202684957069
2024-03-01 07:30:00,1.1110113688568375
2024-03-01 07:31:00,1.221346427186975
2024-03-01 07:32:00,1.3140557672447553
2024-03-01 07:33:00,1.349665702025738
2024-03-01 07:34:00,1.4204085636510713
2024-03-01 07:35:00,1.4840931054745414
2024-03-01 07:36:00,1.5204667167586448
2024-03-01 07:37:00,1.5870727737735462
2024-03-01 07:38:00,1.7334909918041577
2024-03-01 07:39:00,1.764588550785663
2024-03-01 07:40:00,1.821850052065248
2024-03-01 07:41:00,1.8713775477468615
2024-03-01 07:42:00,1.9642157720609676
2024-03-01 07:43:00,2.045595930764448
2024-03-01 07:44:00,2.076414278139041
2024-03-01 07:45:00,2.0919994046360086
2024-03-01 07:46:00,2.1117945646247533
2024-03-01 07:47:00,2.111636204900449
2024-03-01 07:48:00,2.123549226879535
2024-03-01 07:49:00,2.1418701059419694
2024-03-01 07:50:00,2.134865833406179
2024-03-01 07:51:00,2.100140771599881
2024-03-01 07:52:00,2.090803811862548
2024-03-01 07:53:00,2.096340269987358
2024-03-01 07:54:00,2.1372750832280065
2024-03-01 07:55:00,2.1420685791494343
2024-03-01 07:56:00,2.179828586941067
2024-03-01 07:57:00,2.25150664970955
2024-03-01 07:58:00,2.2182685032465184
2024-03-01 07:59:00,2.209849597454779
2024-03-01 08:00:00,2.233795863410247
2024-03-01 08:01:00,2.153238830073561
2024-03-01 08:02:00,2.1475256769374473
2024-03-01 08:03:00,2.1797621966168177
2024-03-01 08:04:00,2.2667609652014495
2024-03-01 08:05:00,2.3095287217424656
2024-03-01 08:06:00,2.355551688130868
2024-03-01 08:07:00,2.423337247047446
2024-03-01 08:08:00,2.478114977686979
2024-03-01 08:09:00,2.549385671427
2024-03-01 08:10:00,2.5652047697735694
2024-03-01 08:11:00,2.5834341848471833
2024-03-01 08:12:00,2.5769328991891602
2024-03-01 08:13:00,2.58545982292014
2024-03-01 08:14:00,2.607026162663849
2024-03-01 08:15:00,2.6007414673919955
2024-03-01 08:16:00,2.5902566114413923
2024-03-01 08:17:00,2.6325040326501368
2024-03-01 08:18:00,2.6210390644906654
2024-03-01 08:19:00,2.6244385998422897
2024-03-01 08:20:00,2.643611735092354
2024-03-01 08:21:00,2.6982435555129918
2024-03-01 08:22:00,2.68051016930166
2024-03-01 08:23:00,2.6868465776802783
2024-03-01 08:24:00,2.7024123677634813
2024-03-01 08:25:00,2.7521211657188918
2024-03-01 08:26:00,2.7538706503430004
2024-03-01 08:27:00,2.7717483922469057
2024-03-01 08:28:00,2.857950205526936
2024-03-01 08:29:00,2.913929557287121
2024-03-01 08:30:00,3.0164050477734152
2024-03-01 08:31:00,3.1040991122900796
2024-03-01 08:32:00,3.0471253514492087
2024-03-01 08:33:00,3.0793642143125206
2024-03-01 08:34:00,3.068292439407928
2024-03-01 08:35:00,3.0690241765039463
2024-03-01 08:36:00,3.100906393695006
2024-03-01 08:37:00,3.118780371990573
2024-03-01 08:38:00,3.106100052068729
2024-03-01 08:39:00,3.127765481226051
2024-03-01 08:40:00,3.1829120587699724
2024-03-01 08:41:00,3.2372176799317214
2024-03-01 08:42:00,3.1471637263074537
2024-03-01 08:43:00,3.175192001159257
2024-03-01 08:44:00,3.1917910590760115
2024-03-01 08:45:00,3.20912212297232
2024-03-01 08:46:00,3.2439894384367127
2024-03-01 08:47:00,3.176415409884469
2024-03-01 08:48:00,3.083956697486419
2024-03-01 08:49:00,2.9912703179756304
2024-03-01 08:50:00,3.0703898548715434
2024-03-01 08:51:00,3.053017147132113
2024-03-01 08:52:00,3.0415913070680425
2024-03-01 08:53:00,3.036730230430557
2024-03-01 08:54:00,3.0494020536535724
2024-03-01 08:55:00,3.0290637102901425
2024-03-01 08:56:00,3.1075442757003215
2024-03-01 08:57:00,3.1238156549006657
2024-03-01 08:58:00,3.1596978577619934
2024-03-01 08:59:00,3.2084319928162777
2024-03-01 09:00:00,3.2098882669248687
2024-03-01 09:01:00,3.2114973361396584
2024-03-01 09:02:00,3.217286995440353
2024-03-01 09:03:00,3.2518519137137742
2024-03-01 09:04:00,3.2553735221881137
2024-03-01 09:05:00,3.1725140907400875
2024-03-01 09:06:00,3.12729593297716
2024-03-01 09:07:00,3.1055183184746444
2024-03-01 09:08:00,3.0648099316342643
2024-03-01 09:09:00,3.066038872476496
2024-03-01 09:10:00,3.027347485178807
2024-03-01 09:11:00,3.030692077500504
2024-03-01 09:12:00,3.0713085808658858
2024-03-01 09:13:00,3.099350037693753
2024-03-01 09:14:00,3.1064890550751856
2024-03-01 09:15:00,3.0907627582549195
2024-03-01 09:16:00,3.0933361345965795
2024-03-01 09:17:00,3.087368808690846
2024-03-01 09:18:00,3.0017104327257673
2024-03-01 09:19:00,3.0331298526064554
2024-03-01 09:20:00,3.0145893469444482
2024-03-01 09:21:00,2.983652246879547
2024-03-01 09:22:00,3.0185845970859346
2024-03-01 09:23:00,3.014718266784464
2024-03-01 09:24:00,2.8592863920210085
2024-03-01 09:25:00,2.8415059118186634
2024-03-01 09:26:00,2.8634428600348585
2024-03-01 09:27:00,2.8672769641927562
2024-03-01 09:28:00,2.8885971259910064
2024-03-01 09:29:00,2.9052397869835005
2024-03-01 09:30:00,2.968194248588416
2024-03-01 09:31:00,2.947613748623199
2024-03-01 09:32:00,2.9250872975833597
2024-03-01 09:33:00,2.9270916497346513
2024-03-01 09:34:00,2.898530387841208
2024-03-01 09:35:00,2.8417227027977576
2024-03-01 09:36:00,2.8751115619785663
2024-03-01 09:37:00,2.9225085324938527
2024-03-01 09:38:00,2.9478081281342843
2024-03-01 09:39:00,2.9754061313302436
2024-03-01 09:40:00,2.921001455128995
2024-03-01 09:41:00,2.851778755176155
2024-03-01 09:42:00,2.9200508539083927
2024-03-01 09:43:00,2.9448767093859294
2024-03-01 09:44:00,2.953901935315055
2024-03-01 09:45:00,2.873815548938687
2024-03-01 09:46:00,2.8765575218656587
2024-03-01 09:47:00,2.8678384858277166
2024-03-01 09:48:00,2.88522823594347
2024-03-01 09:49:00,2.8531984035815814
2024-03-01 09:50:00,2.8221854810190594
2024-03-01 09:51:00,2.821479381496826
2024-03-01 09:52:00,2.8707466653236295
2024-03-01 09:53:00,2.873019611173961
2024-03-01 09:54:00,2.9148353234820363
2024-03-01 09:55:00,2.8473684614538226
2024-03-01 09:56:00,2.8579983817842503
2024-03-01 09:57:00,2.8981605873524137
2024-03-01 09:58:00,2.983648453763307
2024-03-01 09:59:00,2.9683315825139793
2024-03-01 10:00:00,3.033697178427597
2024-03-01 10:01:00,3.0610706520723383
2024-03-01 10:02:00,3.076306446829454
2024-03-01 10:03:00,3.132867029311016
2024-03-01 10:04:00,3.187439715493938
2024-03-01 10:05:00,3.2387732038411756
2024-03-01 10:06:00,3.2543051974322377
2024-03-01 10:07:00,3.329274918023252
2024-03-01 10:08:00,3.3488318196961036
2024-03-01 10:09:00,3.292397956359673
2024-03-01 10:10:00,3.208815189175248
2024-03-01 10:11:00,3.2357644557863865
2024-03-01 10:12:00,3.3062557074900174
2024-03-01 10:13:00,3.372827851066228
2024-03-01 10:14:00,3.3768156166157866
2024-03-01 10:15:00,3.3957325867982986
2024-03-01 10:16:00,3.4269187325647543
2024-03-01 10:17:00,3.484402963736941
2024-03-01 10:18:00,3.5207312540523823
2024-03-01 10:19:00,3.5550888684615964
2024-03-01 10:20:00,3.564598391216453
2024-03-01 10:21:00,3.5822050828053342
2024-03-01 10:22:00,3.6486502109948646
2024-03-01 10:23:00,3.677209761316258
2024-03-01 10:24:00,3.611295688701783
2024-03-01 10:25:00,3.600748111913494
2024-03-01 10:26:00,3.4747737457971586
2024-03-01 10:27:00,3.505691042028699
2024-03-01 10:28:00,3.485751123587798
2024-03-01 10:29:00,3.454971382753801
2024-03-01 10:30:00,3.4133083325919813
2024-03-01 10:31:00,3.5071753428610735
2024-03-01 10:32:00,3.505973840746626
2024-03-01 10:33:00,3.4605516320404366
2024-03-01 10:34:00,3.520852075061605
2024-03-01 10:35:00,3.5765996843978813
2024-03-01 10:36:00,3.6332651061464682
2024-03-01 10:37:00,3.621070480355182
2024-03-01 10:38:00,3.666578768468364
2024-03-01 10:39:00,3.6882094257569853
2024-03-01 10:40:00,3.7194406886081293
2024-03-01 10:41:00,3.8021104225252804
2024-03-01 10:42:00,3.7897051144639495
2024-03-01 10:43:00,3.848237531337532
2024-03-01 10:44:00,3.7999178644763836
2024-03-01 10:45:00,3.756332511433813
2024-03-01 10:46:00,3.759369783199315
2024-03-01 10:47:00,3.7879768838960945
2024-03-01 10:48:00,3.787600541582542
2024-03-01 10:49:00,3.8486055431367716
2024-03-01 10:50:00,3.914928174480619
2024-03-01 10:51:00,3.9773854393969383
2024-03-01 10:52:00,4.038554631611789
2024-03-01 10:53:00,4.0042956810381805
2024-03-01 10:54:00,4.000535604295547
2024-03-01 10:55:00,3.9847284160544243
2024-03-01 10:56:00,3.915851420359611
2024-03-01 10:57:00,3.9346120956093142
2024-03-01 10:58:00,3.958774843614745
2024-03-01 10:59:00,3.99315155897742
2024-03-01 11:00:00,3.977610230474177
2024-03-01 11:01:00,3.9396953479842187
2024-03-01 11:02:00,3.9599694049773793
2024-03-01 11:03:00,3.888496483062784
2024-03-01 11:04:00,3.902939531819312
2024-03-01 11:05:00,3.9139416315049176
2024-03-01 11:06:00,3.969829546345522
2024-03-01 11:07:00,3.9481778805530157
2024-03-01 11:08:00,3.961816931264417
2024-03-01 11:09:00,3.897475970930679
2024-03-01 11:10:00,3.9121939051261783
2024-03-01 11:11:00,3.876944593733731
2024-03-01 11:12:00,3.9181091463642006
2024-03-01 11:13:00,3.928457030784327
2024-03-01 11:14:00,3.9172208375133133
2024-03-01 11:15:00,3.9335620148041177
2024-03-01 11:16:00,3.9360237851838757
2024-03-01 11:17:00,3.878498665583362
2024-03-01 11:18:00,3.899936107101369
2024-03-01 11:19:00,3.8187646388375804
2024-03-01 11:20:00,3.7326991217661467
2024-03-01 11:21:00,3.6768317139653157
2024-03-01 11:22:00,3.6905690783266865
2024-03-01 11:23:00,3.6705589440506765
2024-03-01 11:24:00,3.7033769752425476
2024-03-01 11:25:00,3.7326691707974002
2024-03-01 11:26:00,3.810432118180623
2024-03-01 11:27:00,3.7805622265604835
2024-03-01 11:28:00,3.8569302736081106
2024-03-01 11:29:00,3.806571742832955
2024-03-01 11:30:00,3.732127468518503
2024-03-01 11:31:00,3.6899729957771945
2024-03-01 11:32:00,3.647003590001884
2024-03-01 11:33:00,3.5993759049578613
2024-03-01 11:34:00,3.575761951462132
2024-03-01 11:35:00,3.5136455432280953
2024-03-01 11:36:00,3.4955667088692945
2024-03-01 11:37:00,3.5304204140215734
2024-03-01 11:38:00,3.5457015916835615
2024-03-01 11:39:00,3.53921020024781
2024-03-01 11:40:00,3.6039546727528284
2024-03-01 11:41:00,3.5711079859968233
2024-03-01 11:42:00,3.545226430875844
2024-03-01 11:43:00,3.546317297361824
2024-03-01 11:44:00,3.603658173296521
2024-03-01 11:45:00,3.593104953953636
2024-03-01 11:46:00,3.5075424634754646
2024-03-01 11:47:00,3.4198094560404875
2024-03-01 11:48:00,3.3054199795323944
2024-03-01 11:49:00,3.2764340963524305
2024-03-01 11:50:00,3.23699536862191
2024-03-01 11:51:00,3.167023682018333
2024-03-01 11:52:00,2.936020453672344
2024-03-01 11:53:00,2.7869160383180893
2024-03-01 11:54:00,2.792271206130366
2024-03-01 11:55:00,2.921956220811323
2024-03-01 11:56:00,2.738822045048006
2024-03-01 11:57:00,2.7442499460349197
2024-03-01 11:58:00,2.7535630135909472
2024-03-01 11:59:00,2.749947787689824
2024-03-01 12:00:00,2.802124179786797
2024-03-01 12:01:00,2.830899716624692
2024-03-01 12:02:00,2.8333661805281762
2024-03-01 12:03:00,2.9035623935662285
2024-03-01 12:04:00,2.9664761680315834
2024-03-01 12:05:00,3.0246379093199
2024-03-01 12:06:00,2.9803149606299186
2024-03-01 12:07:00,2.9482941801440234
2024-03-01 12:08:00,2.922591771372263
2024-03-01 12:09:00,2.9933097205824457
2024-03-01 12:10:00,3.018672913939219
2024-03-01 12:11:00,3.0364121393485393
2024-03-01 12:12:00,3.0827452485703906
2024-03-01 12:13:00,3.095850962060029
2024-03-01 12:14:00,3.0139126479516576
2024-03-01 12:15:00,2.934057743605838
2024-03-01 12:16:00,2.965528713026291
2024-03-01 12:17:00,2.9985044134465895
2024-03-01 12:18:00,3.031421485343805
2024-03-01 12:19:00,3.037516979878233
2024-03-01 12:20:00,3.017128834355825
2024-03-01 12:21:00,2.945324376011369
2024-03-01 12:22:00,2.974614011339341
2024-03-01 12:23:00,2.9717426357808647
2024-03-01 12:24:00,3.0074670858714776
2024-03-01 12:25:00,2.941921174530903
2024-03-01 12:26:00,2.9349657198824692
2024-03-01 12:27:00,2.9447208565175953
2024-03-01 12:28:00,2.929565003686414
2024-03-01 12:29:00,2.86536543948504
2024-03-01 12:30:00,2.8485256017245852
2024-03-01 12:31:00,2.8111753753515814
2024-03-01 12:32:00,2.849663870545542
2024-03-01 12:33:00,2.7711381548907026
2024-03-01 12:34:00,2.751456676890696
2024-03-01 12:35:00,2.7402810188173383
2024-03-01 12:36:00,2.7693650274199397
2024-03-01 12:37:00,2.763846024074864
2024-03-01 12:38:00,2.772395171537484
2024-03-01 12:39:00,2.795639136564921
2024-03-01 12:40:00,2.810951941309025
2024-03-01 12:41:00,2.8123546928639884
2024-03-01 12:42:00,2.8511894769066646
2024-03-01 12:43:00,2.845850975426383
2024-03-01 12:44:00,2.840402117661053
2024-03-01 12:45:00,2.84779358620212
2024-03-01 12:46:00,2.864276796861068
2024-03-01 12:47:00,2.82163728184623
2024-03-01 12:48:00,2.7769684356572975
2024-03-01 12:49:00,199.01578900419256
2024-03-01 12:50:00,199.25582966547108
2024-03-01 12:51:00,2.6562406375456957
2024-03-01 12:52:00,2.654160646460125
2024-03-01 12:53:00,2.6492763801449812
2024-03-01 12:54:00,2.678753771351706
2024-03-01 12:55:00,2.676240998850268
2024-03-01 12:56:00,2.6456499157918127
2024-03-01 12:57:00,2.6482055393453874
2024-03-01 12:58:00,2.668666720179802
2024-03-01 12:59:00,2.7038226562037497
2024-03-01 13:00:00,2.6428337541859275
2024-03-01 13:01:00,2.5826074906562657
2024-03-01 13:02:00,2.5859920489763706
2024-03-01 13:03:00,2.5395424915596965
2024-03-01 13:04:00,2.558238769624346
2024-03-01 13:05:00,2.5951744144337097
2024-03-01 13:06:00,2.531637868711344
2024-03-01 13:07:00,2.5067719665506054
2024-03-01 13:08:00,2.4965508649133867
2024-03-01 13:09:00,2.4037807593222715
2024-03-01 13:10:00,2.4079406649532946
2024-03-01 13:11:00,2.3399353639307225
2024-03-01 13:12:00,2.361187262277454
2024-03-01 13:13:00,2.3407726131226387
2024-03-01 13:14:00,2.3269919318255456
2024-03-01 13:15:00,2.321764456040295
2024-03-01 13:16:00,2.346956172290751
2024-03-01 13:17:00,2.3485009471073783
2024-03-01 13:18:00,2.3502561562094195
2024-03-01 13:19:00,2.3458134422625805
2024-03-01 13:20:00,2.34047683790897
2024-03-01 13:21:00,2.4244574049479004
2024-03-01 13:22:00,2.505000417345494
2024-03-01 13:23:00,2.5446352441438136
2024-03-01 13:24:00,2.5336974005969277
2024-03-01 13:25:00,2.499056793926272
2024-03-01 13:26:00,2.527366604304728
2024-03-01 13:27:00,2.5126942383870476
2024-03-01 13:28:00,2.5321073988097598
2024-03-01 13:29:00,2.5142167434641256
2024-03-01 13:30:00,2.4633765814834137
2024-03-01 13:31:00,2.4768568430804763
2024-03-01 13:32:00,2.437839335409145
2024-03-01 13:33:00,2.4450132844103396
2024-03-01 13:34:00,2.4347479083250416
2024-03-01 13:35:00,2.368596403461614
2024-03-01 13:36:00,2.4174382668003327
2024-03-01 13:37:00,2.4632180715449383
2024-03-01 13:38:00,2.4797622282185907
2024-03-01 13:39:00,2.5054616881165432
2024-03-01 13:40:00,2.458315032278916
2024-03-01 13:41:00,2.459243484643295
2024-03-01 13:42:00,2.4942851773918124
2024-03-01 13:43:00,2.4651318688821777
2024-03-01 13:44:00,2.4943583571536085
2024-03-01 13:45:00,2.5148836445226306
2024-03-01 13:46:00,2.478059176878951
2024-03-01 13:47:00,2.4542983698688356
2024-03-01 13:48:00,2.4755909208074933
2024-03-01 13:49:00,2.484583457018816
2024-03-01 13:50:00,2.472856454365802
2024-03-01 13:51:00,2.450674952105957
2024-03-01 13:52:00,2.405704391986922
2024-03-01 13:53:00,2.4033973443594276
2024-03-01 13:54:00,2.412443984282048
2024-03-01 13:55:00,2.429978966013503
2024-03-01 13:56:00,2.430844101466691
2024-03-01 13:57:00,2.416395270809005
2024-03-01 13:58:00,2.3590482840753846
2024-03-01 13:59:00,2.371943730140221
2024-03-01 14:00:00,2.3681204669952938
2024-03-01 14:01:00,2.361003023096979
2024-03-01 14:02:00,2.3959443069065167
2024-03-01 14:03:00,2.4317357483404396
2024-03-01 14:04:00,2.448932839525023
2024-03-01 14:05:00,2.427629037887733
2024-03-01 14:06:00,2.4313391666996576
2024-03-01 14:07:00,2.478953274334327
2024-03-01 14:08:00,2.43816136832531
2024-03-01 14:09:00,2.444106837431118
2024-03-01 14:10:00,2.4119342721230184
2024-03-01 14:11:00,2.343795182062855
2024-03-01 14:12:00,2.313539678970075
2024-03-01 14:13:00,2.3046836651822087
2024-03-01 14:14:00,2.27382696469134
2024-03-01 14:15:00,2.3033911223326653
2024-03-01 14:16:00,2.2952706591286005
2024-03-01 14:17:00,2.2405099957907746
2024-03-01 14:18:00,2.233384791718488
2024-03-01 14:19:00,2.217641607202365
2024-03-01 14:20:00,2.2109475325628343
2024-03-01 14:21:00,2.237636772546938
2024-03-01 14:22:00,2.255206178458149
2024-03-01 14:23:00,2.2748832646926256
2024-03-01 14:24:00,2.2720670358732167
2024-03-01 14:25:00,2.2737861618559227
2024-03-01 14:26:00,2.2717473132689934
2024-03-01 14:27:00,2.2425479081816713
2024-03-01 14:28:00,2.22275063047825
2024-03-01 14:29:00,2.221533265455437
2024-03-01 14:30:00,2.1941566824398016
2024-03-01 14:31:00,2.215910635496403
2024-03-01 14:32:00,2.2423640869890855
2024-03-01 14:33:00,2.2411497138602425
2024-03-01 14:34:00,2.192164569635046
2024-03-01 14:35:00,2.1374927094109113
2024-03-01 14:36:00,2.1933326919376492
2024-03-01 14:37:00,2.2335522428376
2024-03-01 14:38:00,2.234498770662139
2024-03-01 14:39:00,2.2030834171196374
2024-03-01 14:40:00,2.155720546229995
2024-03-01 14:41:00,2.1035915427938425
2024-03-01 14:42:00,2.1074806449533137
2024-03-01 14:43:00,2.090650964867879
2024-03-01 14:44:00,2.055762156411066
2024-03-01 14:45:00,1.9847910088765468
2024-03-01 14:46:00,2.005800056555002
2024-03-01 14:47:00,2.0084839706917315
2024-03-01 14:48:00,2.003440147798948
2024-03-01 14:49:00,2.0784720918440978
2024-03-01 14:50:00,2.0422159860778373
2024-03-01 14:51:00,2.0127443210979354
2024-03-01 14:52:00,1.9936329476127361
2024-03-01 14:53:00,2.0045571114204677
2024-03-01 14:54:00,1.986989561695402
2024-03-01 14:55:00,1.9771019912738257
2024-03-01 14:56:00,2.00755275318709
2024-03-01 14:57:00,1.98378828281971
2024-03-01 14:58:00,1.9676140710172694
2024-03-01 14:59:00,1.9365118274298376
2024-03-01 15:00:00,1.8808943880864355
2024-03-01 15:01:00,1.88566235697467
2024-03-01 15:02:00,1.8670369024469422
2024-03-01 15:03:00,1.8669690519441346
2024-03-01 15:04:00,1.9497152903366806
2024-03-01 15:05:00,1.922320661119883
2024-03-01 15:06:00,1.885928967519725
2024-03-01 15:07:00,1.8724431514442232
2024-03-01 15:08:00,1.881156064134053
2024-03-01 15:09:00,1.8404012224924937
2024-03-01 15:10:00,1.8282313530221215
2024-03-01 15:11:00,1.8456203001064417
2024-03-01 15:12:00,1.8466521286542574
2024-03-01 15:13:00,1.8666981794180384
2024-03-01 15:14:00,1.828650257750666
2024-03-01 15:15:00,1.8117725774006197
2024-03-01 15:16:00,1.9163217904474772
2024-03-01 15:17:00,1.8976387595778288
2024-03-01 15:18:00,1.9357781318674814
2024-03-01 15:19:00,1.880758598368664
2024-03-01 15:20:00,1.8860829757136952
2024-03-01 15:21:00,1.8736435796730355
2024-03-01 15:22:00,1.9279552759124159
2024-03-01 15:23:00,1.8829478648933153
2024-03-01 15:24:00,1.909216692974272
2024-03-01 15:25:00,1.903932514500276
2024-03-01 15:26:00,1.9089224702102805
2024-03-01 15:27:00,1.887165007999234
2024-03-01 15:28:00,1.8571169696250025
2024-03-01 15:29:00,1.79425104432921
2024-03-01 15:30:00,1.9071144995701221
2024-03-01 15:31:00,1.8439808854863626
2024-03-01 15:32:00,1.8626201709773365
2024-03-01 15:33:00,1.8640736026295797
2024-03-01 15:34:00,1.9207642158461706
2024-03-01 15:35:00,1.9490706624088971
2024-03-01 15:36:00,1.9359799867326433
2024-03-01 15:37:00,2.073934493513657
2024-03-01 15:38:00,2.0914104278074843
2024-03-01 15:39:00,1.9923363906959115
2024-03-01 15:40:00,1.9665433123104985
2024-03-01 15:41:00,1.9334115441165176
2024-03-01 15:42:00,1.9602385480936242
2024-03-01 15:43:00,1.985865443033366
2024-03-01 15:44:00,1.9100614010605519
2024-03-01 15:45:00,1.9455663047240008
2024-03-01 15:46:00,1.817988856460603
2024-03-01 15:47:00,1.7401778666338736
2024-03-01 15:48:00,1.7386487886286484
2024-03-01 15:49:00,1.7523184451233267
2024-03-01 15:50:00,1.7535248156546057
2024-03-01 15:51:00,1.7596921554290053
2024-03-01 15:52:00,1.804937242231582
2024-03-01 15:53:00,1.8572775550219438
2024-03-01 15:54:00,1.8486678103940082
2024-03-01 15:55:00,1.9290319986058382
2024-03-01 15:56:00,1.9317596641021662
2024-03-01 15:57:00,1.7924002230542544
2024-03-01 15:58:00,1.8107998058039558
2024-03-01 15:59:00,1.7495828221342946
2024-03-01 16:00:00,1.6624119797128072
2024-03-01 16:01:00,1.624981655378436
2024-03-01 16:02:00,1.668691597315334
2024-03-01 16:03:00,1.606573686828678
2024-03-01 16:04:00,1.5832986527364528
2024-03-01 16:05:00,1.5496763546808432
2024-03-01 16:06:00,1.523835825968729
2024-03-01 16:07:00,1.5383031478160953
2024-03-01 16:08:00,1.5249230077165272
2024-03-01 16:09:00,1.5005985386498986
2024-03-01 16:10:00,1.6570219267819355
2024-03-01 16:11:00,1.6188998377563542
2024-03-01 16:12:00,1.5129166091060247
2024-03-01 16:13:00,1.4406995366605808
2024-03-01 16:14:00,1.41351538700086
2024-03-01 16:15:00,1.4391292818189252
2024-03-01 16:16:00,1.4946283510053333
2024-03-01 16:17:00,1.4819523676735438
2024-03-01 16:18:00,1.421165790731011
2024-03-01 16:19:00,1.404757084044383
2024-03-01 16:20:00,1.320594852017408
2024-03-01 16:21:00,1.2776770581448877
2024-03-01 16:22:00,1.2960928294795242
2024-03-01 16:23:00,1.257224961630146
2024-03-01 16:24:00,1.2905322049214873
2024-03-01 16:25:00,1.3141833637851854
2024-03-01 16:26:00,1.3140768662078162
2024-03-01 16:27:00,1.258875759132651
2024-03-01 16:28:00,1.2182868291226858
2024-03-01 16:29:00,1.2759867064502775
2024-03-01 16:30:00,1.2846541871169401
2024-03-01 16:31:00,1.2730472586037607
2024-03-01 16:32:00,1.1757503585115998
2024-03-01 16:33:00,1.1065645774651962
2024-03-01 16:34:00,0.9941312057756762
2024-03-01 16:35:00,1.0049652317495736
2024-03-01 16:36:00,0.9038995133299482
2024-03-01 16:37:00,0.8728630262806937
2024-03-01 16:38:00,0.7512344298656621
2024-03-01 16:39:00,0.6033345587440357
2024-03-01 16:40:00,0.501321409336289
2024-03-01 16:41:00,0.4578627170737374
2024-03-01 16:42:00,0.36851777866560764
2024-03-01 16:43:00,0.3064311758164966
2024-03-01 16:44:00,0.39388610317527245
2024-03-01 16:45:00,0.39635761589404067
2024-03-01 16:46:00,0.43814804509537664
2024-03-01 16:47:00,0.4599800392425644
2024-03-01 16:48:00,0.4063512212958386
2024-03-01 16:49:00,0.38689057725195025
2024-03-01 16:50:00,0.3502165719349752
2024-03-01 16:51:00,0.3429955182882797
2024-03-01 16:52:00,0.27829756884832046
2024-03-01 16:53:00,0.20867050290715713
2024-03-01 16:54:00,0.2559266216925389
2024-03-01 16:55:00,0.19105816831684258
2024-03-01 16:56:00,0.2766273468136804
2024-03-01 16:57:00,0.2728769889767246
2024-03-01 16:58:00,0.2441912695495875
2024-03-01 16:59:00,0.24959893326667
2024-03-01 17:00:00,0.2693382761502099
2024-03-01 17:01:00,0.15353741555441702
2024-03-01 17:02:00,0.13349134949621214
2024-03-01 17:03:00,0.24679281518808363
2024-03-01 17:04:00,0.21490657723633047
2024-03-01 17:05:00,0.21519769836069658
2024-03-01 17:06:00,0.17349507245551724
2024-03-01 17:07:00,0.16548520552584356
2024-03-01 17:08:00,0.12883099446668198
2024-03-01 17:09:00,0.12507501979514873
2024-03-01 17:10:00,0.13046213504119403
2024-03-01 17:11:00,0.16385384237260484
2024-03-01 17:12:00,0.14971359139038928
2024-03-01 17:13:00,0.04466304523808893
2024-03-01 17:14:00,0.0017203413157252528
2024-03-01 17:15:00,0.13314951630197785
2024-03-01 17:16:00,0.11911456160399712
2024-03-01 17:17:00,0.14350767548627638
2024-03-01 17:18:00,0.17295406824985482
2024-03-01 17:19:00,0.2214264594763412
2024-03-01 17:20:00,0.20408024435206762
2024-03-01 17:21:00,0.23386210588599476
2024-03-01 17:22:00,0.1670516116849103
2024-03-01 17:23:00,0.08249353429054816
2024-03-01 17:24:00,0.054183996642116955
2024-03-01 17:25:00,0.20752596039712592
2024-03-01 17:26:00,908.8020985135529
2024-03-01 17:27:00,934.391286917012
2024-03-01 17:28:00,965.9547172428141
2024-03-01 17:29:00,999.392302498312
2024-03-01 17:30:00,1029.8126413566515
2024-03-01 17:31:00,1062.6596000963623
2024-03-01 17:32:00,1091.4943874867256
2024-03-01 17:33:00,1122.0304337951395
2024-03-01 17:34:00,1155.8523709117428
2024-03-01 17:35:00,1194.529434515038
2024-03-01 17:36:00,1242.0745286513234
2024-03-01 17:37:00,1294.8931772676058
2024-03-01 17:38:00,1343.6587719025242
2024-03-01 17:39:00,1394.3767815496242
2024-03-01 17:40:00,1450.680816141109
2024-03-01 17:41:00,1511.75473057954
2024-03-01 17:42:00,1579.8640717445212
2024-03-01 17:43:00,1654.9001143995574
2024-03-01 17:44:00,1736.559326504234
2024-03-01 17:45:00,1824.3402974357555
2024-03-01 17:46:00,1926.9867337720054
2024-03-01 17:47:00,2037.255419079348
2024-03-01 17:48:00,2184.085224273856
2024-03-01 17:49:00,2435.7985087364477
2024-03-01 17:50:00,2506.5388478966274
2024-03-01 17:51:00,2622.013975845216
2024-03-01 17:52:00,2806.4515954247695
2024-03-01 17:53:00,2997.6427284830447
2024-03-01 17:54:00,3272.33495284367
2024-03-01 17:55:00,3508.4744432654475
2024-03-01 17:56:00,3747.542928914902
2024-03-01 17:57:00,4071.4248231940755
2024-03-01 17:58:00,4409.173492759812
2024-03-01 17:59:00,4810.686515365137
2024-03-01 18:00:00,1.3627647426367617
2024-03-01 18:01:00,9.075857820330993
2024-03-01 18:02:00,23.665141113653707
2024-03-01 18:03:00,31.487343232343747
2024-03-01 18:04:00,34.23017062485588
2024-03-01 18:05:00,39.075460531877916
2024-03-01 18:06:00,45.77192486322453
2024-03-01 18:07:00,45.35142835992041
2024-03-01 18:08:00,54.48745756149326
2024-03-01 18:09:00,66.83812162373415
2024-03-01 18:10:00,84.1875394081708
2024-03-01 18:11:00,100.75443973155825
2024-03-01 18:12:00,133.54118713817397
2024-03-01 18:13:00,231.266089398549
2024-03-01 18:14:00,589.2266453068557
2024-03-01 18:15:00,-4554.420995193612
2024-03-01 18:16:00,-447.57522520592363
2024-03-01 18:17:00,-221.33385305008767
2024-03-01 18:18:00,-152.13925893372152
2024-03-01 18:19:00,-121.14537983555087
2024-03-01 18:20:00,-105.2829460814861
2024-03-01 18:21:00,-92.82853713314829
2024-03-01 18:22:00,-82.96401487328653
2024-03-01 18:23:00,-76.01627942760423
2024-03-01 18:24:00,-71.54130648626963
2024-03-01 18:25:00,-66.37152723603874
2024-03-01 18:26:00,-62.25853459594954
2024-03-01 18:27:00,-60.70034654260332
2024-03-01 18:28:00,-58.63558034832478
2024-03-01 18:29:00,-56.93582510578279
2024-03-01 18:30:00,-57.00609998561723
2024-03-01 18:31:00,-56.358884294089314
2024-03-01 18:32:00,-53.49663029693216
2024-03-01 18:33:00,-52.83856804071182
2024-03-01 18:34:00,-53.19980754290189
2024-03-01 18:35:00,-54.10899223515122
2024-03-01 18:36:00,-54.71542326154191
2024-03-01 18:37:00,-51.92273049983576
2024-03-01 18:38:00,-52.37422136537854
2024-03-01 18:39:00,-50.83343341969355
2024-03-01 18:40:00,-50.2217548449426
2024-03-01 18:41:00,-51.81567354412252
2024-03-01 18:42:00,-52.377090872704834
2024-03-01 18:43:00,-52.10852882732493
2024-03-01 18:44:00,-51.15222777965812
2024-03-01 18:45:00,-52.42467995785487
2024-03-01 18:46:00,-52.311915960466614
2024-03-01 18:47:00,-52.463954483619816
2024-03-01 18:48:00,-53.566494061309754
2024-03-01 18:49:00,-53.39087419057383
2024-03-01 18:50:00,-51.91408102591316
2024-03-01 18:51:00,-52.21410534847713
2024-03-01 18:52:00,-52.063418046164614
2024-03-01 18:53:00,-52.437793230563
2024-03-01 18:54:00,-51.67271789713048
2024-03-01 18:55:00,-51.08110173052679
2024-03-01 18:56:00,-51.504404408457994
2024-03-01 18:57:00,-50.89885678438001
2024-03-01 18:58:00,-50.02038462628548
2024-03-01 18:59:00,-49.26573625001637
2024-03-01 19:00:00,-48.7869104808686
2024-03-01 19:01:00,-47.4421685300775
2024-03-01 19:02:00,-50.333511711886324
2024-03-01 19:03:00,-51.70898366208699
2024-03-01 19:04:00,-54.58455351704921
2024-03-01 19:05:00,-54.26836754999131
2024-03-01 19:06:00,-51.630104348162355
2024-03-01 19:07:00,-51.468435029469084
2024-03-01 19:08:00,-51.25270551497435
2024-03-01 19:09:00,-50.60994613861733
2024-03-01 19:10:00,-51.27728720086662
2024-03-01 19:11:00,-52.079890610520316
2024-03-01 19:12:00,-51.42873946797481
2024-03-01 19:13:00,-49.63612386441339
2024-03-01 19:14:00,-47.031651606939995
2024-03-01 19:15:00,-48.199081058049956
2024-03-01 19:16:00,-49.27896591917652
2024-03-01 19:17:00,-48.618986816706105
2024-03-01 19:18:00,-48.80107717060147
2024-03-01 19:19:00,-47.65560883631654
2024-03-01 19:20:00,-49.90360962235264
2024-03-01 19:21:00,-49.5508696363339
2024-03-01 19:22:00,-50.573675158406196
2024-03-01 19:23:00,-52.79303557096032
2024-03-01 19:24:00,-52.247427602406084
2024-03-01 19:25:00,-52.83080758380896
2024-03-01 19:26:00,-52.521445634863184
2024-03-01 19:27:00,-51.7639825104755
2024-03-01 19:28:00,-51.37245389493148
2024-03-01 19:29:00,-49.7415920484247
2024-03-01 19:30:00,-51.96140311045521
2024-03-01 19:31:00,-53.04946153527943
2024-03-01 19:32:00,-53.1385203471427
2024-03-01 19:33:00,-54.30416659801968
2024-03-01 19:34:00,-52.90696572121948
2024-03-01 19:35:00,-53.010518250867854
2024-03-01 19:36:00,-52.70293656757994
2024-03-01 19:37:00,-51.82335611932615
2024-03-01 19:38:00,-49.47177431852807
2024-03-01 19:39:00,-48.85650500530866
2024-03-01 19:40:00,-51.693092257765414
2024-03-01 19:41:00,-52.77978514440915
2024-03-01 19:42:00,-50.73935272510673
2024-03-01 19:43:00,-50.2842580377058
2024-03-01 19:44:00,-49.318650424046425
2024-03-01 19:45:00,-50.77185219724891
2024-03-01 19:46:00,-48.41296274500474
2024-03-01 19:47:00,-47.25580106198821
2024-03-01 19:48:00,-51.92775303212473
2024-03-01 19:49:00,-50.55426334316858
2024-03-01 19:50:00,-48.67558550225478
2024-03-01 19:51:00,-47.028124236960814
2024-03-01 19:52:00,-48.15308435399297
2024-03-01 19:53:00,-49.82115312857249
2024-03-01 19:54:00,-48.99267227646695
2024-03-01 19:55:00,-47.908881029012036
2024-03-01 19:56:00,-52.25532369441805
2024-03-01 19:57:00,-53.21237838088446
2024-03-01 19:58:00,-53.48428332536501
2024-03-01 19:59:00,-53.50041614509071
2024-03-01 20:00:00,-53.83634278194286
2024-03-01 20:01:00,-52.67218710037643
2024-03-01 20:02:00,-52.610557366660636
2024-03-01 20:03:00,-53.554420048635265
2024-03-01 20:04:00,-53.31750741839764
2024-03-01 20:05:00,-53.17226362034818
2024-03-01 20:06:00,-53.35583657927372
2024-03-01 20:07:00,-53.933432554275875
2024-03-01 20:08:00,-53.98447245926236
2024-03-01 20:09:00,-53.794000104710214
2024-03-01 20:10:00,-53.58778625954198
2024-03-01 20:11:00,-54.49931650674608
2024-03-01 20:12:00,-53.22582430843561
2024-03-01 20:13:00,-53.02317418850354
2024-03-01 20:14:00,-53.163648961662226
2024-03-01 20:15:00,-53.87586114040796
2024-03-01 20:16:00,-52.66177119516639
2024-03-01 20:17:00,-51.77690691202363
2024-03-01 20:18:00,-52.0946809834693
2024-03-01 20:19:00,-51.49224740160163
2024-03-01 20:20:00,-51.22687194481246
2024-03-01 20:21:00,-51.45132771775649
2024-03-01 20:22:00,-51.572922206949265
2024-03-01 20:23:00,-51.74866315056953
2024-03-01 20:24:00,-51.92327483882182
2024-03-01 20:25:00,-53.24729744892001
2024-03-01 20:26:00,-52.62892581476121
2024-03-01 20:27:00,-50.950103921232795
2024-03-01 20:28:00,-51.358900557261876
2024-03-01 20:29:00,-52.80683040806055
2024-03-01 20:30:00,-52.514843961756675
2024-03-01 20:31:00,-52.74959375601252
2024-03-01 20:32:00,-50.69687906764146
2024-03-01 20:33:00,-51.637949937104025
2024-03-01 20:34:00,-52.479680268856384
2024-03-01 20:35:00,-51.76543031343444
2024-03-01 20:36:00,-51.67888836992061
2024-03-01 20:37:00,-52.09470455901507
2024-03-01 20:38:00,-50.83254288424397
2024-03-01 20:39:00,-51.096172548632055
2024-03-01 20:40:00,-52.271030990915875
2024-03-01 20:41:00,-51.37910579722894
2024-03-01 20:42:00,-51.48884883982879
2024-03-01 20:43:00,-51.342271286262516
2024-03-01 20:44:00,-52.533196583678986
2024-03-01 20:45:00,-52.395193201918346
2024-03-01 20:46:00,-52.608465018224535
2024-03-01 20:47:00,-54.54127422428525
2024-03-01 20:48:00,-53.75509643135279
2024-03-01 20:49:00,-53.22280509184125
2024-03-01 20:50:00,-56.18406365092697
2024-03-01 20:51:00,-57.44016186590477
2024-03-01 20:52:00,-57.032956147026105
2024-03-01 20:53:00,-57.057656329723905
2024-03-01 20:54:00,-56.183967753514665
2024-03-01 20:55:00,-56.88548234606723
2024-03-01 20:56:00,-56.37653741477246
2024-03-01 20:57:00,-55.293518467597124
2024-03-01 20:58:00,-53.24923370009893
2024-03-01 20:59:00,-52.357806601610626
2024-03-01 21:00:00,-50.679759835038205
2024-03-01 21:01:00,-48.00445273876175
2024-03-01 21:02:00,-51.186424331026224
2024-03-01 21:03:00,-52.23056388861637
2024-03-01 21:04:00,-50.7634219509672
2024-03-01 21:05:00,-49.68862828695232
2024-03-01 21:06:00,-50.72212221402671
2024-03-01 21:07:00,-48.54186022504388
2024-03-01 21:08:00,-49.68003567060488
2024-03-01 21:09:00,-56.805696997628715
2024-03-01 21:10:00,-57.343084397051754
2024-03-01 21:11:00,-58.22761686321471
2024-03-01 21:12:00,-58.56598331101267
2024-03-01 21:13:00,-58.27085896607094
2024-03-01 21:14:00,-52.377561167623114
2024-03-01 21:15:00,-51.831671660625375
2024-03-01 21:16:00,-54.143282367008425
2024-03-01 21:17:00,-53.43764632433275
2024-03-01 21:18:00,-52.84387068183256
2024-03-01 21:19:00,-55.101708228027334
2024-03-01 21:20:00,-55.21460853636596
2024-03-01 21:21:00,-54.52410608075012
2024-03-01 21:22:00,-53.67913247845627
2024-03-01 21:23:00,-54.94459339875583
2024-03-01 21:24:00,-56.22037853786921
2024-03-01 21:25:00,-57.38696366532464
2024-03-01 21:26:00,-57.61063944302654
2024-03-01 21:27:00,-57.17297256317513
2024-03-01 21:28:00,-56.2159761893332
2024-03-01 21:29:00,-55.078473421517096
2024-03-01 21:30:00,-53.837400339964304
2024-03-01 21:31:00,-56.22082068647656
2024-03-01 21:32:00,-54.44483627924266
2024-03-01 21:33:00,-55.736042804389044
2024-03-01 21:34:00,-55.256715251571556
2024-03-01 21:35:00,-55.34746143663588
2024-03-01 21:36:00,-54.99617911514261
2024-03-01 21:37:00,-55.65419557378627
2024-03-01 21:38:00,-58.72505537693819
2024-03-01 21:39:00,-58.46477500657423
2024-03-01 21:40:00,-60.047036440028535
2024-03-01 21:41:00,-59.516959852093834
2024-03-01 21:42:00,-59.519189245273495
2024-03-01 21:43:00,-58.40622975099509
2024-03-01 21:44:00,-55.752448323054224
2024-03-01 21:45:00,-53.85349144091841
2024-03-01 21:46:00,-56.422791112664015
2024-03-01 21:47:00,-57.62108352603359
2024-03-01 21:48:00,-56.81943535043044
2024-03-01 21:49:00,-55.02476459846319
2024-03-01 21:50:00,-56.12639830162489
2024-03-01 21:51:00,-56.80666099347583
2024-03-01 21:52:00,-54.022826932900884
2024-03-01 21:53:00,-52.88984540434307
2024-03-01 21:54:00,-54.046258193703956
2024-03-01 21:55:00,-50.74645253866335
2024-03-01 21:56:00,-45.84082588853943
2024-03-01 21:57:00,-47.6551967311721
2024-03-01 21:58:00,-47.60678826285722
2024-03-01 21:59:00,-45.984385343249876
2024-03-01 22:00:00,-45.69579730230924
2024-03-01 22:01:00,-46.97911470503295
2024-03-01 22:02:00,-45.1238124182402
2024-03-01 22:03:00,-47.20475168894159
2024-03-01 22:04:00,-46.38301169226209
2024-03-01 22:05:00,-39.968550141081884
2024-03-01 22:06:00,-43.712666223721314
2024-03-01 22:07:00,-50.26888882004894
2024-03-01 22:08:00,-48.32292345828333
2024-03-01 22:09:00,-50.87953049409152
2024-03-01 22:10:00,-52.64330177668266
2024-03-01 22:11:00,-53.26828019771887
2024-03-01 22:12:00,-54.421734178861584
2024-03-01 22:13:00,-57.35034103543519
2024-03-01 22:14:00,-57.48557725383051
2024-03-01 22:15:00,-55.76169985656626
2024-03-01 22:16:00,-55.15363946746399
2024-03-01 22:17:00,-54.55131148776927
2024-03-01 22:18:00,-56.04595601152413
2024-03-01 22:19:00,-56.21572666571956
2024-03-01 22:20:00,-62.73920370158802
2024-03-01 22:21:00,-62.187619220469436
2024-03-01 22:22:00,-49.192296041809655
2024-03-01 22:23:00,-57.099430018999364
2024-03-01 22:24:00,-60.69988823370718
2024-03-01 22:25:00,-64.99910900371118
2024-03-01 22:26:00,-69.09731555813869
2024-03-01 22:27:00,-63.582517845772315
2024-03-01 22:28:00,-58.4059552183692
2024-03-01 22:29:00,-53.10030018745703
2024-03-01 22:30:00,-56.51322150399623
2024-03-01 22:31:00,-60.650369432130034
2024-03-01 22:32:00,-63.726736171865326
2024-03-01 22:33:00,-56.31016911475521
2024-03-01 22:34:00,-58.494279061615885
2024-03-01 22:35:00,-60.069387416531875
2024-03-01 22:36:00,-59.884336920318745
2024-03-01 22:37:00,-59.973520589257845
2024-03-01 22:38:00,-58.08677262396233
2024-03-01 22:39:00,-54.830280790275545
2024-03-01 22:40:00,-51.972401564622785
2024-03-01 22:41:00,-47.26675109563247
2024-03-01 22:42:00,-45.28119709920793
2024-03-01 22:43:00,-50.7099416915714
2024-03-01 22:44:00,-51.11835178873867
2024-03-01 22:45:00,-54.78340643903557
2024-03-01 22:46:00,-58.28971697064286
2024-03-01 22:47:00,-54.553190444825375
2024-03-01 22:48:00,-47.778704121075286
2024-03-01 22:49:00,-47.98208207816595
2024-03-01 22:50:00,-52.30835400649764
2024-03-01 22:51:00,-53.45830590173907
2024-03-01 22:52:00,-50.447360058805735
2024-03-01 22:53:00,-50.36379151602255
2024-03-01 22:54:00,-51.08265372938865
2024-03-01 22:55:00,-53.67777727999044
2024-03-01 22:56:00,-54.61232611923579
2024-03-01 22:57:00,-51.07071568380458
2024-03-01 22:58:00,-50.557520987308365
2024-03-01 22:59:00,-51.05187650413869
2024-03-01 23:00:00,-49.820318139182994
2024-03-01 23:01:00,-51.12041491741489
2024-03-01 23:02:00,-53.17702085469826
2024-03-01 23:03:00,-51.68839015332926
2024-03-01 23:04:00,-51.884274232979955
2024-03-01 23:05:00,-51.547155358678445
2024-03-01 23:06:00,-50.4865392652536
2024-03-01 23:07:00,-49.969729358038165
2024-03-01 23:08:00,-51.00329406089112
2024-03-01 23:09:00,-56.83580501942406
2024-03-01 23:10:00,-58.101556319660375
2024-03-01 23:11:00,-58.20243325581671
2024-03-01 23:12:00,-59.40174194660328
2024-03-01 23:13:00,-58.52455631005454
2024-03-01 23:14:00,-59.77445875469189
2024-03-01 23:15:00,-60.41521541070362
2024-03-01 23:16:00,-62.111354114018226
2024-03-01 23:17:00,-64.7487342958935
2024-03-01 23:18:00,-63.59564183306022
2024-03-01 23:19:00,-66.5773791772176
2024-03-01 23:20:00,-66.03317883856285
2024-03-01 23:21:00,-63.36498030784452
2024-03-01 23:22:00,-65.28878493964129
2024-03-01 23:23:00,-50.67617457799697
2024-03-01 23:24:00,-58.71175412828925
2024-03-01 23:25:00,-57.02745822487194
2024-03-01 23:26:00,-66.89531618869347
2024-03-01 23:27:00,-68.12636421407454
2024-03-01 23:28:00,-66.39393388418623
2024-03-01 23:29:00,-61.26421546536596
2024-03-01 23:30:00,-48.17162928669836
2024-03-01 23:31:00,-56.70211619504614
2024-03-01 23:32:00,-58.400924269361695
2024-03-01 23:33:00,-56.3118369227731
2024-03-01 23:34:00,-56.58307017641743
2024-03-01 23:35:00,-57.02732497299958
2024-03-01 23:36:00,-56.079329900629325
2024-03-01 23:37:00,-54.233187429731586
2024-03-01 23:38:00,-53.53107149865552
2024-03-01 23:39:00,-62.31276936211982
2024-03-01 23:40:00,-65.89203200133512
2024-03-01 23:41:00,-62.23451044024083
2024-03-01 23:42:00,-60.794697093639996
2024-03-01 23:43:00,-62.457938592658465
2024-03-01 23:44:00,-62.05327814670558
2024-03-01 23:45:00,-48.11896313818254
2024-03-01 23:46:00,-50.67509322715994
2024-03-01 23:47:00,-56.240121131545905
2024-03-01 23:48:00,-52.770019647403984
2024-03-01 23:49:00,-52.145723233509486
2024-03-01 23:50:00,-58.47887839461477
2024-03-01 23:51:00,-53.568695213072324
2024-03-01 23:52:00,-49.27910072922025
2024-03-01 23:53:00,-45.307963538159676
2024-03-01 23:54:00,-49.41495448500531
2024-03-01 23:55:00,-52.35789396401837
2024-03-01 23:56:00,-54.847422542735046
2024-03-01 23:57:00,-53.82660330967387
2024-03-01 23:58:00,-55.81439100141593
2024-03-01 23:59:00,-53.70831834339447
2024-03-02 00:00:00,-52.64092349798578
2024-03-02 00:01:00,-51.95880251996628
